ID,Contract,Player,Column1,Team,Position,Status,Age,Opponent,Salary,FPts,FP/G,Ros,,
*06lv8*,ELC2,Austin Baker,Baker,DET,"C,LW",FA,19,,"525,000",0,0,2%,,"06lv8,ELC2"
*06tar*,ELC1,Everett Baldwin,Baldwin,TBL,D,FA,18,,"525,000",0,0,13%,,"06tar,ELC1"
*06uvs*,ELC1,Asher Barnett,Barnett,EDM,D,FA,18,,"525,000",0,0,8%,,"06uvs,ELC1"
*06tao*,ELC1,Sean Barnhill,Barnhill,NYR,D,FA,18,,"525,000",0,0,10%,,"06tao,ELC1"
*06mcy*,ELC2,Jacob Battaglia,Battaglia,CGY,RW,FA,19,,"525,000",0,0,28%,,"06mcy,ELC2"
*06tmi*,ELC1,Roman Bausov,Bausov,CAR,D,FA,18,,"525,000",0,0,10%,,"06tmi,ELC1"
*06rqm*,ELC1,Carter Bear,Bear,DET,C,FA,18,,"525,000",0,0,38%,,"06rqm,ELC1"
*06tmu*,ELC1,Quinn Beauchesne,Beauchesne,PIT,D,FA,18,,"525,000",0,0,15%,,"06tmu,ELC1"
*06tan*,ELC1,Lucas Beckman,Beckman,OTT,G,FA,17,,"525,000",0,0,24%,,"06tan,ELC1"
*06cle*,ELC3,Owen Beckner,Beckner,OTT,C,FA,20,,"525,000",0,0,5%,,"06cle,ELC3"
*06sqd*,ELC1,David Bedkowski,Bedkowski,BUF,D,FA,18,,"525,000",0,0,20%,,"06sqd,ELC1"
*06mb5*,ELC2,Kamil Bednarik,Bednarik,NYI,C,FA,19,,"525,000",0,0,30%,,"06mb5,ELC2"
*06sqn*,ELC1,Nathan Behm,Behm,CHI,RW,FA,18,,"525,000",0,0,32%,,"06sqn,ELC1"
*06tmt*,ELC1,Will Belle,Belle,TOR,RW,FA,18,,"525,000",0,0,10%,,"06tmt,ELC1"
*06pyo*,ELC1,Adam Benak,Benak,MIN,C,FA,18,,"525,000",0,0,36%,,"06pyo,ELC1"
*06tmj*,ELC1,Trenten Bennett,Bennett,NJD,G,FA,19,,"525,000",0,0,9%,,"06tmj,ELC1"
*06mcw*,ELC2,Jack Berglund,Berglund,PHI,"C,LW",FA,19,,"525,000",0,0,12%,,"06mcw,ELC2"
*06mqv*,ELC2,Rasmus Bergqvist,Bergqvist,MTL,D,FA,20,,"525,000",0,0,2%,,"06mqv,ELC2"
*06mhm*,ELC2,Alexis Bernier,Bernier,SEA,D,FA,19,,"525,000",0,0,10%,,"06mhm,ELC2"
*06mqm*,ELC2,Bauer Berry,Berry,EDM,D,FA,19,,"525,000",0,0,2%,,"06mqm,ELC2"
*06bah*,ELC3,Tristan Bertucci,Bertucci,DAL,D,FA,19,,"525,000",0,0,22%,,"06bah,ELC3"
*06mqd*,ELC2,Gregor Bieber,Bieber,UTA,D,FA,18,,"525,000",0,0,8%,,"06mqd,ELC2"
*06cfj*,ELC3,Kevin Bicker,Bicker,DET,LW,FA,20,,"525,000",0,0,5%,,"06cfj,ELC3"
*06rqn*,ELC1,Wilson Bjorck,Bjorck,VAN,LW,FA,19,,"525,000",0,0,5%,,"06rqn,ELC1"
*06lva*,ELC2,Alexandre Blais,Blais,ANA,LW,FA,19,,"525,000",0,0,10%,,"06lva,ELC2"
*06tmn*,ELC1,Lasse Boelius,Boelius,ANA,D,FA,18,,"525,000",0,0,10%,,"06tmn,ELC1"
*06mb1*,ELC2,Raoul Boilard,Boilard,NYR,C,FA,19,,"525,000",0,0,12%,,"06mb1,ELC2"
*06uh8*,ELC1,Yegor Borikov,Borikov,UTA,RW,FA,19,,"525,000",0,0,8%,,"06uh8,ELC1"
*06lor*,ELC1,Sascha Boumedienne,Boumedienne,WPG,D,FA,18,,"525,000",0,0,35%,,"06lor,ELC1"
*06clk*,ELC3,Sebastian Bradshaw,Bradshaw,DAL,LW,FA,20,,"525,000",0,0,0%,,"06clk,ELC3"
*06cdr*,ELC3,Cole Brown,Brown,NJD,RW,FA,20,,"525,000",0,0,0%,,"06cdr,ELC3"
*06mq9*,ELC2,Simon-Pierre Brunet,Brunet,BUF,D,FA,19,,"525,000",0,0,2%,,"06mq9,ELC2"
*06sqq*,ELC1,Henry Brzustewicz,Brzustewicz,LAK,D,FA,18,,"525,000",0,0,32%,,"06sqq,ELC1"
*06ieg*,ELC2,Austin Burnevik,Burnevik,ANA,RW,FA,20,,"525,000",0,0,10%,,"06ieg,ELC2"
*06be1*,ELC3,Quinton Burns,Burns,STL,D,FA,20,,"525,000",0,0,12%,,"06be1,ELC3"
*06lkv*,ELC2,Hagen Burrows,Burrows,TBL,RW,FA,19,,"525,000",0,0,10%,,"06lkv,ELC2"
*06pyk*,ELC1,Justin Carbonneau,Carbonneau,STL,RW,FA,18,,"525,000",0,0,40%,,"06pyk,ELC1"
*06cdp*,ELC3,Jonathan Castagna,Castagna,UTA,C,FA,20,,"525,000",0,0,10%,,"06cdp,ELC3"
*066om*,ELC2,Clarke Caswell,Caswell,SEA,LW,FA,19,,"525,000",0,0,22%,,"066om,ELC2"
*06be2*,ELC3,Mathieu Cataford,Cataford,VGK,"C,RW",FA,20,,"525,000",0,0,30%,,"06be2,ELC3"
*06ckh*,ELC3,Aiden Celebrini,Celebrini,VAN,D,FA,20,,"525,000",0,0,8%,,"06ckh,ELC3"
*06cfb*,ELC1,Charlie Cerrato,Cerrato,CAR,LW,FA,20,,"525,000",0,0,15%,,"06cfb,ELC1"
*06c6w*,ELC3,Noah Chadwick,Chadwick,TOR,D,FA,20,,"525,000",0,0,15%,,"06c6w,ELC3"
*06c6x*,ELC3,Chase Cheslock,Cheslock,NJD,D,FA,20,,"525,000",0,0,8%,,"06c6x,ELC3"
*06tb3*,ELC1,Jan Chovan,Chovan,LAK,C,FA,18,,"525,000",0,0,10%,,"06tb3,ELC1"
*06ppo*,ELC4,Kyle Chyzowski,Chyzowski,TBL,LW,FA,20,,"525,000",0,0,5%,,"06ppo,ELC4"
*062kb*,ELC3,Alex Ciernik,Ciernik,PHI,"LW,RW",FA,20,,"525,000",0,0,25%,,"062kb,ELC3"
*06spt*,ELC1,Vojtech Cihar,Cihar,LAK,LW,FA,18,,"525,000",0,0,18%,,"06spt,ELC1"
*06c1q*,ELC3,Jimmy Clark,Clark,MIN,LW,FA,20,,"525,000",0,0,5%,,"06c1q,ELC3"
*06cky*,ELC3,Warren Clark,Clark,TBL,D,FA,20,,"525,000",0,0,5%,,"06cky,ELC3"
*06h9j*,ELC2,Connor Clattenburg,Clattenburg,EDM,LW,FA,20,,"525,000",0,0,10%,,"06h9j,ELC2"
*06buo*,ELC3,Brady Cleveland,Cleveland,DET,D,FA,20,,"525,000",0,0,18%,,"06buo,ELC3"
*06uk6*,ELC1,Jacob Cloutier,Cloutier,WPG,RW,FA,18,,"525,000",0,0,3%,,"06uk6,ELC1"
*06loo*,ELC2,Louka Cloutier,Cloutier,COL,G,FA,18,,"525,000",0,0,6%,,"06loo,ELC2"
*06be3*,ELC3,Ryan Conmy,Conmy,LAK,RW,FA,20,,"525,000",0,0,10%,,"06be3,ELC3"
*06kr1*,ELC2,Joe Connor,Connor,TBL,C,FA,20,,"525,000",0,0,0%,,"06kr1,ELC2"
*06sqf*,ELC1,Braeden Cootes,Cootes,VAN,C,FA,18,,"525,000",0,0,35%,,"06sqf,ELC1"
*06bne*,ELC3,Luke Coughlin,Coughlin,FLA,D,FA,20,,"525,000",0,0,5%,,"06bne,ELC3"
*06uz3*,ELC1,Alexis Cournoyer,Cournoyer,MTL,G,FA,19,,"525,000",0,0,6%,,"06uz3,ELC1"
*06mb3*,ELC2,Max Curran,Curran,COL,C,FA,18,,"525,000",0,0,12%,,"06mb3,ELC2"
*06sq6*,ELC1,Ethan Czata,Czata,TBL,C,FA,18,,"525,000",0,0,20%,,"06sq6,ELC1"
*06sfw*,ELC1,Kale Dach,Dach,PIT,C,FA,18,,"525,000",0,0,10%,,"06sfw,ELC1"
*066q3*,ELC1,Gabriel D'Aigle,D'Aigle,PIT,G,FA,18,,"525,000",0,0,15%,,"066q3,ELC1"
*06c71*,ELC3,Nathaniel Day,Day,EDM,G,FA,20,,"525,000",0,0,3%,,"06c71,ELC3"
*06c58*,ELC1,Francesco Dell'Elce,Dell'Elce,COL,D,FA,20,,"525,000",0,0,12%,,"06c58,ELC1"
*06tz9*,ELC1,Kieren Dervin,Dervin,VAN,C,FA,18,,"525,000",0,0,10%,,"06tz9,ELC1"
*06loq*,ELC1,Caleb Desnoyers,Desnoyers,UTA,C,FA,18,,"525,000",0,0,48%,,"06loq,ELC1"
*06mr1*,ELC2,Antoine Dorion,Dorion,STL,C,FA,19,,"525,000",0,0,0%,,"06mr1,ELC2"
*0644j*,ELC3,Noah Dower-Nilsson,Dower-Nilsson,DET,LW,FA,20,,"525,000",0,0,18%,,"0644j,ELC3"
*06tmm*,ELC1,Arvid Drott,Drott,FLA,RW,FA,17,,"525,000",0,0,15%,,"06tmm,ELC1"
*06bdn*,ELC3,Jakub Dvorak,Dvorak,LAK,D,FA,20,,"525,000",0,0,20%,,"06bdn,ELC3"
*065ph*,ELC3,Brayden Edwards,Edwards,DET,RW,FA,20,,"525,000",0,0,5%,,"065ph,ELC3"
*06fz2*,ELC1,Filip Ekberg,Ekberg,CAR,C,FA,18,,"525,000",0,0,31%,,"06fz2,ELC1"
*06pyw*,ELC1,Victor Eklund,Eklund,NYI,LW,FA,18,,"525,000",0,0,42%,,"06pyw,ELC1"
*06mhi*,ELC2,Gabriel Eliasson,Eliasson,OTT,D,FA,18,,"525,000",0,0,15%,,"06mhi,ELC2"
*06loe*,ELC2,Luke Ellinas,Ellinas,OTT,C,FA,19,,"525,000",0,0,12%,,"06loe,ELC2"
*06uwg*,ELC1,Edison Engle,Engle,WPG,D,FA,18,,"525,000",0,0,5%,,"06uwg,ELC1"
*06qfu*,ELC1,Kristian Epperson,Epperson,LAK,LW,FA,19,,"525,000",0,0,30%,,"06qfu,ELC1"
*06tas*,ELC1,Mikkel Eriksen,Eriksen,NYR,C,FA,17,,"525,000",0,0,13%,,"06tas,ELC1"
*06cdz*,ELC3,Filip Eriksson,Eriksson,MTL,C,FA,20,,"525,000",0,0,15%,,"06cdz,ELC3"
*06c48*,ELC3,Jiri Felcman,Felcman,CHI,C,FA,20,,"525,000",0,0,12%,,"06c48,ELC3"
*06mch*,ELC2,Melvin Fernstrom,Fernstrom,PIT,RW,FA,19,,"525,000",0,0,20%,,"06mch,ELC2"
*06mh2*,ELC2,Jakub Fibigr,Fibigr,SEA,D,FA,18,,"525,000",0,0,12%,,"06mh2,ELC2"
*06pyy*,ELC1,Blake Fiddler,Fiddler,SEA,D,FA,17,,"525,000",0,0,32%,,"06pyy,ELC1"
*06baf*,ELC3,Aiden Fink,Fink,NSH,RW,FA,20,,"525,000",0,0,35%,,"06baf,ELC3"
*060ja*,ELC4,Quinn Finley,Finley,NYI,LW,FA,20,,"525,000",0,0,22%,,"060ja,ELC4"
*06cl1*,ELC3,Emmitt Finnie,Finnie,DET,C,FA,20,,"525,000",0,0,20%,,"06cl1,ELC3"
*06md5*,ELC2,Lukas Fischer,Fischer,STL,D,FA,18,,"525,000",0,0,18%,,"06md5,ELC2"
*06bnf*,ELC3,Paul Fischer,Fischer,EDM,D,FA,20,,"525,000",0,0,12%,,"06bnf,ELC3"
*06c47*,ELC2,Jake Fisher,Fisher,COL,LW,FA,20,,"525,000",0,0,5%,,"06c47,ELC2"
*06tmo*,ELC1,Conrad Fondrk,Fondrk,NJD,C,FA,18,,"525,000",0,0,20%,,"06tmo,ELC1"
*06bnk*,ELC3,Zeb Forsfjall,Forsfjall,SEA,C,FA,20,,"525,000",0,0,12%,,"06bnk,ELC3"
*06mgx*,ELC2,Charlie Forslund,Forslund,DET,"LW,RW",FA,19,,"525,000",0,0,2%,,"06mgx,ELC2"
*06c6u*,ELC3,Drew Fortescue,Fortescue,NYR,D,FA,20,,"525,000",0,0,18%,,"06c6u,ELC3"
*06ckg*,ELC3,Cooper Foster,Foster,PIT,C,FA,20,,"525,000",0,0,5%,,"06ckg,ELC3"
*06imp*,ELC2,Noel Fransen,Fransen,CAR,D,FA,19,,"525,000",0,0,25%,,"06imp,ELC2"
*06qqe*,ELC1,Semyon Frolov,Frolov,CAR,G,FA,18,,"525,000",0,0,26%,,"06qqe,ELC1"
*06jhd*,ELC1,Anton Frondell,Frondell,CHI,C,FA,18,,"525,000",0,0,50%,,"06jhd,ELC1"
*06tyu*,ELC1,Linus Funck,Funck,COL,D,FA,18,,"525,000",0,0,10%,,"06tyu,ELC1"
*06mqq*,ELC2,Denis Gabdrakhmanov,Gabdrakhmanov,FLA,G,FA,20,,"525,000",0,0,6%,,"06mqq,ELC2"
*06sq2*,ELC1,Matthew Gard,Gard,PHI,LW,FA,18,,"525,000",0,0,20%,,"06sq2,ELC1"
*06c73*,ELC3,Brad Gardiner,Gardiner,DAL,C,FA,20,,"525,000",0,0,2%,,"06c73,ELC3"
*06pyv*,ELC1,Milton Gastrin,Gastrin,WSH,C,FA,18,,"525,000",0,0,32%,,"06pyv,ELC1"
*06spv*,ELC1,Eddie Genborg,Genborg,DET,LW,FA,18,,"525,000",0,0,25%,,"06spv,ELC1"
*06bam*,ELC3,Andrew Gibson,Gibson,NSH,D,FA,20,,"525,000",0,0,30%,,"06bam,ELC3"
*06mcz*,ELC2,Marcus Gidlof,Gidlof,NYI,G,FA,19,,"525,000",0,0,35%,,"06mcz,ELC2"
*06clr*,ELC3,Olof Glifford,Glifford,FLA,G,FA,20,,"525,000",0,0,6%,,"06clr,ELC3"
*06mck*,ELC2,Hiroki Gojsic,Gojsic,NSH,RW,FA,19,,"525,000",0,0,15%,,"06mck,ELC2"
*06c76*,ELC3,Terrell Goldsmith,Goldsmith,UTA,D,FA,20,,"525,000",0,0,10%,,"06c76,ELC3"
*06mgw*,ELC2,Jan Golicic,Golicic,TBL,D,FA,18,,"525,000",0,0,10%,,"06mgw,ELC2"
*06tdo*,ELC1,Mans Goos,Goos,DAL,G,FA,18,,"525,000",0,0,18%,,"06tdo,ELC1"
*06mqr*,ELC2,Stepan Gorbunov,Gorbunov,FLA,C,FA,18,,"525,000",0,0,8%,,"06mqr,ELC2"
*06tat*,ELC1,Brandon Gorzynski,Gorzynski,DAL,LW,FA,18,,"525,000",0,0,10%,,"06tat,ELC1"
*06mql*,ELC2,Rico Gredig,Gredig,NYR,LW,FA,20,,"525,000",0,0,0%,,"06mql,ELC2"
*06tb5*,ELC1,Owen Griffin,Griffin,CBJ,C,FA,18,,"525,000",0,0,13%,,"06tb5,ELC1"
*06mqz*,ELC2,Elliott Groenewold,Groenewold,BOS,D,FA,19,,"525,000",0,0,10%,,"06mqz,ELC2"
*06c9h*,ELC3,Rudy Guimond,Guimond,DET,G,FA,20,,"525,000",0,0,15%,,"06c9h,ELC3"
*06nkd*,ELC1,Emile Guite,Guite,ANA,LW,FA,18,,"525,000",0,0,10%,,"06nkd,ELC1"
*06mjm*,ELC2,Viggo Gustafsson,Gustafsson,NSH,D,FA,18,,"525,000",0,0,10%,,"06mjm,ELC2"
*06ag2*,ELC1,James Hagens,Hagens,BOS,C,FA,18,,"525,000",0,0,50%,,"06ag2,ELC1"
*06uhd*,ELC1,Theodor Hallquisth,Hallquisth,MIN,D,FA,18,,"525,000",0,0,12%,,"06uhd,ELC1"
*066qt*,ELC3,Lenni Hameenaho,Hameenaho,NJD,RW,FA,20,,"525,000",0,0,42%,,"066qt,ELC3"
*06bup*,ELC3,Kaden Hammell,Hammell,SEA,D,FA,20,,"525,000",0,0,8%,,"06bup,ELC3"
*06tmp*,ELC1,Carlos Handel,Handel,MTL,D,FA,18,,"525,000",0,0,13%,,"06tmp,ELC1"
*06h7t*,ELC2,Finn Harding,Harding,PIT,D,FA,20,,"525,000",0,0,8%,,"06h7t,ELC2"
*06pzf*,ELC1,Love Harenstam,Harenstam,STL,G,FA,18,,"525,000",0,0,15%,,"06pzf,ELC1"
*06be4*,ELC3,Ethan Hay,Hay,TBL,C,FA,20,,"525,000",0,0,2%,,"06be4,ELC3"
*06uz2*,ELC1,Travis Hayes,Hayes,PIT,RW,FA,17,,"525,000",0,0,5%,,"06uz2,ELC1"
*06mbi*,ELC2,Kevin He,He,WPG,LW,FA,19,,"525,000",0,0,22%,,"06mbi,ELC2"
*06pdu*,ELC1,Caleb Heil,Heil,TBL,G,FA,19,,"525,000",0,0,6%,,"06pdu,ELC1"
*06bdq*,ELC3,Beckett Hendrickson,Hendrickson,BOS,LW,FA,20,,"525,000",0,0,10%,,"06bdq,ELC3"
*06mjp*,ELC2,Tanner Henricks,Henricks,CBJ,D,FA,18,,"525,000",0,0,5%,,"06mjp,ELC2"
*06ckw*,ELC3,Ty Henricks,Henricks,NYR,LW,FA,20,,"525,000",0,0,2%,,"06ckw,ELC3"
*06mqy*,ELC2,Ty Henry,Henry,CHI,D,FA,18,,"525,000",0,0,0%,,"06mqy,ELC2"
*06pyi*,ELC1,Logan Hensler,Hensler,OTT,D,FA,18,,"525,000",0,0,32%,,"06pyi,ELC1"
*06oxx*,ELC1,Caeden Herrington,Herrington,LAK,D,FA,19,,"525,000",0,0,8%,,"06oxx,ELC1"
*06spx*,ELC1,Gustav Hillstrom,Hillstrom,NJD,C,FA,18,,"525,000",0,0,23%,,"06spx,ELC1"
*06tms*,ELC1,Stepan Hoch,Hoch,UTA,LW,FA,18,,"525,000",0,0,10%,,"06tms,ELC1"
*06mcp*,ELC2,Miroslav Holinka,Holinka,TOR,"C,RW",FA,19,,"525,000",0,0,10%,,"06mcp,ELC2"
*06ung*,ELC1,Burke Hood,Hood,NYI,G,FA,18,,"525,000",0,0,15%,,"06ung,ELC1"
*06sq7*,ELC1,Tyler Hopkins,Hopkins,TOR,C,FA,18,,"525,000",0,0,15%,,"06sq7,ELC1"
*06axx*,ELC1,Will Horcoff,Horcoff,PIT,C,FA,18,,"525,000",0,0,28%,,"06axx,ELC1"
*06mgs*,ELC2,Vojtech Hradec,Hradec,UTA,C,FA,19,,"525,000",0,0,8%,,"06mgs,ELC2"
*06pyq*,ELC1,Alex Huang,Huang,NSH,D,FA,17,,"525,000",0,0,13%,,"06pyq,ELC1"
*06lod*,ELC2,Christian Humphreys,Humphreys,COL,C,FA,19,,"525,000",0,0,18%,,"06lod,ELC2"
*06clf*,ELC3,Axel Hurtig,Hurtig,CGY,D,FA,20,,"525,000",0,0,0%,,"06clf,ELC3"
*06clb*,ELC3,Mikhail Ilyin,Ilyin,PIT,"LW,RW",FA,20,,"525,000",0,0,40%,,"06clb,ELC3"
*06tmr*,ELC1,Dmitry Isayev,Isayev,OTT,LW,FA,18,,"525,000",0,0,10%,,"06tmr,ELC1"
*06cg6*,ELC3,Nikita Ishimnikov,Ishimnikov,COL,D,FA,20,,"525,000",0,0,0%,,"06cg6,ELC3"
*06gk1*,ELC1,Jack Ivankovic,Ivankovic,NSH,G,FA,18,,"525,000",0,0,41%,,"06gk1,ELC1"
*06mqh*,ELC2,Eric Jamieson,Jamieson,CGY,D,FA,19,,"525,000",0,0,2%,,"06mqh,ELC2"
*06bdo*,ELC3,Emil Jarventie,Jarventie,PIT,LW,FA,20,,"525,000",0,0,8%,,"06bdo,ELC3"
*06ll3*,ELC2,Adam Jecho,Jecho,STL,RW,FA,19,,"525,000",0,0,30%,,"06ll3,ELC2"
*06miv*,ELC2,Loke Johansson,Johansson,BOS,D,FA,19,,"525,000",0,0,10%,,"06miv,ELC2"
*06mr2*,ELC2,Victor Johansson,Johansson,TOR,D,FA,19,,"525,000",0,0,8%,,"06mr2,ELC2"
*06mjg*,ELC1,Ludvig Johnson,Johnson,UTA,D,FA,18,,"525,000",0,0,8%,,"06mjg,ELC1"
*06sq1*,ELC1,Atte Joki,Joki,DAL,C,FA,17,,"525,000",0,0,10%,,"06sq1,ELC1"
*06mcf*,ELC2,Ollie Josephson,Josephson,SEA,LW,FA,18,,"525,000",0,0,12%,,"06mcf,ELC2"
*06cds*,ELC3,Jacob Julien,Julien,WPG,"C,RW",FA,20,,"525,000",0,0,8%,,"06cds,ELC3"
*06cll*,ELC3,Kalle Kangas,Kangas,PIT,D,FA,20,,"525,000",0,0,0%,,"06cll,ELC3"
*06c3x*,ELC3,Arttu Karki,Karki,VGK,D,FA,20,,"525,000",0,0,15%,,"06c3x,ELC3"
*06c3z*,ELC3,Daniil Karpovich,Karpovich,NJD,D,FA,20,,"525,000",0,0,2%,,"06c3z,ELC3"
*06bng*,ELC3,Larry Keenan,Keenan,DET,D,FA,20,,"525,000",0,0,8%,,"06bng,ELC3"
*06ce2*,ELC3,Antoine Keller,Keller,WSH,G,FA,20,,"525,000",0,0,6%,,"06ce2,ELC3"
*06mbc*,ELC2,Nick Kempf,Kempf,WSH,G,FA,19,,"525,000",0,0,18%,,"06mbc,ELC2"
*06c4a*,ELC3,Sean Keohane,Keohane,BUF,D,FA,20,,"525,000",0,0,8%,,"06c4a,ELC3"
*06sqt*,ELC1,Peyton Kettles,Kettles,PIT,D,FA,17,,"525,000",0,0,20%,,"06sqt,ELC1"
*06pyx*,ELC1,Ben Kevan,Kevan,NJD,RW,FA,18,,"525,000",0,0,28%,,"06pyx,ELC1"
*06l22*,ELC2,Makar Khanin,Khanin,MTL,LW,FA,20,,"525,000",0,0,5%,,"06l22,ELC2"
*06c31*,ELC3,Ruslan Khazheyev,Khazheyev,CAR,G,FA,20,,"525,000",0,0,21%,,"06c31,ELC3"
*066q0*,ELC3,Jesse Kiiskinen,Kiiskinen,DET,RW,FA,19,,"525,000",0,0,35%,,"066q0,ELC3"
*06snb*,ELC1,Benjamin Kindel,Kindel,PIT,RW,FA,18,,"525,000",0,0,35%,,"06snb,ELC1"
*06c56*,ELC1,Justin Kipkie,Kipkie,MIN,D,FA,19,,"525,000",0,0,10%,,"06c56,ELC1"
*06hcv*,ELC2,Christian Kirsch,Kirsch,SJS,G,FA,19,,"525,000",0,0,9%,,"06hcv,ELC2"
*06mbn*,ELC2,Adam Kleber,Kleber,BUF,D,FA,19,,"525,000",0,0,22%,,"06mbn,ELC2"
*06cl2*,ELC3,David Klee,Klee,SJS,C,FA,20,,"525,000",0,0,0%,,"06cl2,ELC3"
*06pyn*,ELC1,Viktor Klingsell,Klingsell,WPG,LW,FA,18,,"525,000",0,0,15%,,"06pyn,ELC1"
*0618g*,ELC3,Cole Knuble,Knuble,PHI,RW,FA,20,,"525,000",0,0,18%,,"0618g,ELC3"
*06mhk*,ELC2,Timur Kol,Kol,CAR,D,FA,18,,"525,000",0,0,12%,,"06mhk,ELC2"
*06spz*,ELC1,Mads Kongsbak Klyvo,Kongsbak Klyvo,FLA,LW,FA,18,,"525,000",0,0,13%,,"06spz,ELC1"
*06mqu*,ELC2,Yaroslav Korostelyov,Korostelyov,SJS,G,FA,19,,"525,000",0,0,6%,,"06mqu,ELC2"
*06mcs*,ELC2,Matvei Korotky,Korotky,STL,C,FA,19,,"525,000",0,0,12%,,"06mcs,ELC2"
*06mmv*,ELC2,Ondrej Kos,Kos,STL,LW,FA,19,,"525,000",0,0,10%,,"06mmv,ELC2"
*06clm*,ELC3,Kristian Kostadinski,Kostadinski,BOS,D,FA,20,,"525,000",0,0,0%,,"06clm,ELC3"
*06mpe*,ELC2,Andrey Krutov,Krutov,CAR,LW,FA,19,,"525,000",0,0,15%,,"06mpe,ELC2"
*06buu*,ELC3,Rasmus Kumpulainen,Kumpulainen,MIN,"C,LW",FA,19,,"525,000",0,0,18%,,"06buu,ELC3"
*06uy3*,ELC1,Jacob Kvasnicka,Kvasnicka,NYI,C,FA,17,,"525,000",0,0,3%,,"06uy3,ELC1"
*06tb4*,ELC1,Noah Laberge,Laberge,BUF,D,FA,18,,"525,000",0,0,8%,,"06tb4,ELC1"
*06sqr*,ELC1,Tommy Lafreniere,Lafreniere,EDM,C,FA,18,,"525,000",0,0,12%,,"06sqr,ELC1"
*06mqe*,ELC2,Ludvig Lafton,Lafton,UTA,D,FA,19,,"525,000",0,0,2%,,"06mqe,ELC2"
*06mr5*,ELC2,Matt Lahey,Lahey,TOR,D,FA,18,,"525,000",0,0,0%,,"06mr5,ELC2"
*06mhb*,ELC2,Hunter Laing,Laing,CGY,RW,FA,19,,"525,000",0,0,5%,,"06mhb,ELC2"
*06snd*,ELC1,Lynden Lakovic,Lakovic,WSH,LW,FA,18,,"525,000",0,0,40%,,"06snd,ELC1"
*06c5p*,ELC3,Axel Landen,Landen,SJS,D,FA,20,,"525,000",0,0,8%,,"06c5p,ELC3"
*06uka*,ELC1,Aidan Lane,Lane,CGY,RW,FA,18,,"525,000",0,0,10%,,"06uka,ELC1"
*06tyv*,ELC1,Matthew Lansing,Lansing,VAN,C,FA,18,,"525,000",0,0,8%,,"06tyv,ELC1"
*06rqk*,ELC1,Sam Laurila,Laurila,NYI,D,FA,18,,"525,000",0,0,10%,,"06rqk,ELC1"
*06mgy*,ELC2,Tomas Lavoie,Lavoie,UTA,D,FA,19,,"525,000",0,0,20%,,"06mgy,ELC2"
*06sqm*,ELC1,Ryker Lee,Lee,NSH,RW,FA,18,,"525,000",0,0,32%,,"06sqm,ELC1"
*06jhg*,ELC2,Ryerson Leenders,Leenders,BUF,G,FA,19,,"525,000",0,0,18%,,"06jhg,ELC2"
*05ylu*,ELC4,Topias Leinonen,Leinonen,BUF,G,FA,20,,"525,000",0,0,24%,,"05ylu,ELC4"
*06mra*,ELC2,Stevie Leskovar,Leskovar,MIN,D,FA,20,,"525,000",0,0,5%,,"06mra,ELC2"
*06axf*,ELC3,Connor Levis,Levis,WPG,C,FA,20,,"525,000",0,0,5%,,"06axf,ELC3"
*06uvc*,ELC1,David Lewandowski,Lewandowski,EDM,LW,FA,18,,"525,000",0,0,10%,,"06uvc,ELC1"
*06sn3*,ELC1,Kurban Limatov,Limatov,CAR,D,FA,18,,"525,000",0,0,28%,,"06sn3,ELC1"
*06axu*,ELC3,Kalan Lind,Lind,NSH,LW,FA,20,,"525,000",0,0,28%,,"06axu,ELC3"
*06sqe*,ELC1,Zeb Lindgren,Lindgren,NYR,D,FA,18,,"525,000",0,0,10%,,"06sqe,ELC1"
*06bad*,ELC3,Jaden Lipinski,Lipinski,CGY,C,FA,20,,"525,000",0,0,10%,,"06bad,ELC3"
*062sl*,ELC4,Cade Littler,Littler,CGY,C,FA,20,,"525,000",0,0,2%,,"062sl,ELC4"
*06tmk*,ELC1,Jimmy Lombardi,Lombardi,LAK,C,FA,18,,"525,000",0,0,10%,,"06tmk,ELC1"
*06mqs*,ELC2,Markus Loponen,Loponen,WPG,C,FA,19,,"525,000",0,0,10%,,"06mqs,ELC2"
*06sfx*,ELC1,Jeremy Loranger,Loranger,CBJ,C,FA,18,,"525,000",0,0,10%,,"06sfx,ELC1"
*06c96*,ELC3,Andrei Loshko,Loshko,SEA,"C,RW",FA,20,,"525,000",0,0,12%,,"06c96,ELC3"
*06md2*,ELC2,Veeti Louhivaara,Louhivaara,NJD,G,FA,19,,"525,000",0,0,12%,,"06md2,ELC2"
*06bdx*,ELC3,Tanner Ludtke,Ludtke,UTA,"C,LW",FA,20,,"525,000",0,0,12%,,"06bdx,ELC3"
*06qqc*,ELC1,Roman Luttsev,Luttsev,TBL,C,FA,19,,"525,000",0,0,8%,,"06qqc,ELC1"
*06bdy*,ELC3,Angus MacDonell,MacDonell,DAL,C,FA,20,,"525,000",0,0,10%,,"06bdy,ELC3"
*06bai*,ELC3,Dylan MacKinnon,MacKinnon,NSH,D,FA,20,,"525,000",0,0,8%,,"06bai,ELC3"
*06cmr*,ELC3,Ryan MacPherson,MacPherson,PHI,C,FA,20,,"525,000",0,0,0%,,"06cmr,ELC3"
*06tz5*,ELC1,Ilyas Magomedsultanov,Magomedsultanov,SJS,D,FA,18,,"525,000",0,0,8%,,"06tz5,ELC1"
*06b7d*,ELC3,Matthew Mania,Mania,LAK,D,FA,20,,"525,000",0,0,15%,,"06b7d,ELC3"
*06c4b*,ELC3,Matteo Mann,Mann,PHI,D,FA,20,,"525,000",0,0,5%,,"06c4b,ELC3"
*06mbg*,ELC2,Luca Marrelli,Marrelli,CBJ,D,FA,19,,"525,000",0,0,38%,,"06mbg,ELC2"
*06rus*,ELC1,Brady Martin,Martin,NSH,C,FA,18,,"525,000",0,0,40%,,"06rus,ELC1"
*06uwf*,ELC1,Owen Martin,Martin,WPG,RW,FA,18,,"525,000",0,0,5%,,"06uwf,ELC1"
*06hj9*,ELC1,Porter Martone,Martone,PHI,RW,FA,18,,"525,000",0,0,45%,,"06hj9,ELC1"
*06mcx*,ELC2,Eriks Mateiko,Mateiko,WSH,"LW,RW",FA,19,,"525,000",0,0,18%,,"06mcx,ELC2"
*06mr3*,ELC2,Nathan Mayes,Mayes,TOR,D,FA,19,,"525,000",0,0,2%,,"06mr3,ELC2"
*06c53*,ELC3,Matthew Mayich,Mayich,STL,D,FA,20,,"525,000",0,0,5%,,"06c53,ELC3"
*06bur*,ELC3,Gavin McCarthy,McCarthy,BUF,D,FA,20,,"525,000",0,0,8%,,"06bur,ELC3"
*06mr4*,ELC2,Sam McCue,McCue,TOR,LW,FA,19,,"525,000",0,0,2%,,"06mr4,ELC2"
*06mr0*,ELC2,Will McIsaac,McIsaac,STL,D,FA,19,,"525,000",0,0,8%,,"06mr0,ELC2"
*06pyt*,ELC1,Cole McKinney,McKinney,SJS,C,FA,18,,"525,000",0,0,30%,,"06pyt,ELC1"
*06mj7*,ELC1,Brendan McMorrow,McMorrow,LAK,LW,FA,19,,"525,000",0,0,0%,,"06mj7,ELC1"
*06imm*,ELC1,Roger McQueen,McQueen,ANA,RW,FA,18,,"525,000",0,0,40%,,"06imm,ELC1"
*06rmr*,ELC1,Alexei Medvedev,Medvedev,VAN,G,FA,17,,"525,000",0,0,29%,,"06rmr,ELC1"
*06tak*,ELC1,Samuel Meloche,Meloche,BUF,G,FA,17,,"525,000",0,0,9%,,"06tak,ELC1"
*067xe*,ELC2,Harrison Meneghin,Meneghin,TBL,G,FA,20,,"525,000",0,0,15%,,"067xe,ELC2"
*06mqx*,ELC2,Ben Merrill,Merrill,MTL,C,FA,19,,"525,000",0,0,2%,,"06mqx,ELC2"
*06h8g*,ELC2,Henry Mews,Mews,CGY,D,FA,19,,"525,000",0,0,42%,,"06h8g,ELC2"
*061ib*,ELC3,Ethan Miedema,Miedema,BUF,LW,FA,20,,"525,000",0,0,8%,,"061ib,ELC3"
*06rmo*,ELC1,Marco Mignosa,Mignosa,TBL,RW,FA,20,,"525,000",0,0,0%,,"06rmo,ELC1"
*06mj1*,ELC2,Landon Miller,Miller,DET,G,FA,19,,"525,000",0,0,9%,,"06mj1,ELC2"
*068z0*,ELC3,Quentin Miller,Miller,MTL,G,FA,20,,"525,000",0,0,9%,,"068z0,ELC3"
*06mp3*,ELC2,Jakub Milota,Milota,NSH,G,FA,19,,"525,000",0,0,9%,,"06mp3,ELC2"
*06baj*,ELC3,Aram Minnetian,Minnetian,DAL,D,FA,20,,"525,000",0,0,25%,,"06baj,ELC3"
*061im*,ELC1,Michael Misa,Misa,SJS,C,FA,18,,"525,000",0,0,52%,,"061im,ELC1"
*06be5*,ELC3,Martin Misiak,Misiak,CHI,"C,RW",FA,20,,"525,000",0,0,28%,,"06be5,ELC3"
*06kav*,ELC2,Nate Misskey,Misskey,SJS,D,FA,20,,"525,000",0,0,15%,,"06kav,ELC2"
*06sq4*,ELC1,Mason Moe,Moe,NJD,LW,FA,18,,"525,000",0,0,12%,,"06sq4,ELC1"
*06mr9*,ELC2,Austin Moline,Moline,PHI,D,FA,19,,"525,000",0,0,0%,,"06mr9,ELC2"
*06mhd*,ELC2,Blake Montgomery,Montgomery,OTT,LW,FA,20,,"525,000",0,0,15%,,"06mhd,ELC2"
*06hrl*,ELC1,L.J. Mooney,Mooney,MTL,C,FA,18,,"525,000",0,0,26%,,"06hrl,ELC1"
*06mcq*,ELC2,Javon Moore,Moore,OTT,LW,FA,19,,"525,000",0,0,15%,,"06mcq,ELC2"
*06hj8*,ELC1,Will Moore,Moore,BOS,C,FA,18,,"525,000",0,0,35%,,"06hj8,ELC1"
*06mct*,ELC2,Jonathan Morello,Morello,BOS,LW,FA,18,,"525,000",0,0,8%,,"06mct,ELC2"
*06sqa*,ELC1,Shamar Moses,Moses,FLA,RW,FA,18,,"525,000",0,0,13%,,"06sqa,ELC1"
*06c9i*,ELC2,Pavel Moysevich,Moysevich,VGK,G,FA,20,,"525,000",0,0,32%,,"06c9i,ELC2"
*06mbj*,ELC2,Tomas Mrsic,Mrsic,STL,C,FA,19,,"525,000",0,0,28%,,"06mbj,ELC2"
*06pyp*,ELC1,Radim Mrtka,Mrtka,BUF,D,FA,18,,"525,000",0,0,40%,,"06pyp,ELC1"
*06icv*,ELC2,Leon Muggli,Muggli,WSH,D,FA,18,,"525,000",0,0,25%,,"06icv,ELC2"
*06mis*,ELC2,Niilopekka Muhonen,Muhonen,DAL,D,FA,19,,"525,000",0,0,8%,,"06mis,ELC2"
*06ay1*,ELC3,Timur Mukhanov,Mukhanov,CAR,"C,LW",FA,20,,"525,000",0,0,15%,,"06ay1,ELC3"
*06sna*,ELC1,Jack Murtagh,Murtagh,PHI,C,FA,17,,"525,000",0,0,32%,,"06sna,ELC1"
*06bnh*,ELC3,Carsen Musser,Musser,UTA,G,FA,20,,"525,000",0,0,6%,,"06bnh,ELC3"
*060nx*,ELC4,Tyler Muszelik,Muszelik,FLA,G,FA,20,,"525,000",0,0,9%,,"060nx,ELC4"
*06tb0*,ELC1,Teddy Mutryn,Mutryn,SJS,C,FA,18,,"525,000",0,0,10%,,"06tb0,ELC1"
*06bak*,ELC3,Sawyer Mynio,Mynio,VAN,D,FA,20,,"525,000",0,0,15%,,"06bak,ELC3"
*06sq5*,ELC1,Harry Nansi,Nansi,TOR,C,FA,17,,"525,000",0,0,10%,,"06sq5,ELC1"
*06c1s*,ELC3,Zach Nehring,Nehring,WPG,RW,FA,20,,"525,000",0,0,10%,,"06c1s,ELC3"
*06axv*,ELC3,Danny Nelson,Nelson,NYI,C,FA,19,,"525,000",0,0,38%,,"06axv,ELC3"
*06snc*,ELC1,Jack Nesbitt,Nesbitt,PHI,C,FA,18,,"525,000",0,0,35%,,"06snc,ELC1"
*06sqp*,ELC1,Vaclav Nestrasil,Nestrasil,CHI,RW,FA,18,,"525,000",0,0,30%,,"06sqp,ELC1"
*06tax*,ELC1,Elijah Neuenschwander,Neuenschwander,ANA,G,FA,18,,"525,000",0,0,15%,,"06tax,ELC1"
*06mjr*,ELC2,William Nicholl,Nicholl,EDM,C,FA,19,,"525,000",0,0,10%,,"06mjr,ELC2"
*06mgz*,ELC1,Daniel Nieminen,Nieminen,NSH,D,FA,19,,"525,000",0,0,8%,,"06mgz,ELC1"
*06cld*,ELC3,Vladimir Nikitin,Nikitin,OTT,G,FA,20,,"525,000",0,0,3%,,"06cld,ELC3"
*06spw*,ELC1,Eric Nilson,Nilson,ANA,C,FA,18,,"525,000",0,0,30%,,"06spw,ELC1"
*06b7a*,ELC3,Felix Nilsson,Nilsson,NSH,C,FA,20,,"525,000",0,0,32%,,"06b7a,ELC3"
*06tmv*,ELC1,Mateo Nobert,Nobert,VGK,C,FA,17,,"525,000",0,0,12%,,"06tmv,ELC1"
*06bul*,ELC3,Noel Nordh,Nordh,UTA,"LW,RW",FA,20,,"525,000",0,0,15%,,"06bul,ELC3"
*06xv8*,ELC1,Viggo Nordlund,Nordlund,CAR,LW,FA,18,,"525,000",0,0,0%,,"06xv8,ELC1"
*06mqa*,ELC2,Viktor Norringer,Norringer,NSH,LW,FA,18,,"525,000",0,0,8%,,"06mqa,ELC2"
*06tap*,ELC1,Melvin Novotny,Novotny,BUF,LW,FA,18,,"525,000",0,0,10%,,"06tap,ELC1"
*06bnc*,ELC3,Jesse Nurmi,Nurmi,NYI,LW,FA,19,,"525,000",0,0,12%,,"06bnc,ELC3"
*06nkc*,ELC1,Jake O'Brien,O'Brien,SEA,C,FA,18,,"525,000",0,0,42%,,"06nkc,ELC1"
*06mpf*,ELC2,Timofei Obvintsev,Obvintsev,TOR,G,FA,20,,"525,000",0,0,3%,,"06mpf,ELC2"
*06mbl*,ELC2,Luke Osburn,Osburn,BUF,D,FA,18,,"525,000",0,0,18%,,"06mbl,ELC2"
*06c75*,ELC3,Norwin Panocha,Panocha,BUF,D,FA,20,,"525,000",0,0,2%,,"06c75,ELC3"
*06mgr*,ELC1,Aidan Park,Park,EDM,RW,FA,19,,"525,000",0,0,10%,,"06mgr,ELC1"
*06c6v*,ELC3,Kalem Parker,Parker,MIN,D,FA,20,,"525,000",0,0,5%,,"06c6v,ELC3"
*06tz8*,ELC1,Evan Passmore,Passmore,NYR,D,FA,18,,"525,000",0,0,10%,,"06tz8,ELC1"
*06m7l*,ELC2,Riley Patterson,Patterson,VAN,C,FA,19,,"525,000",0,0,15%,,"06m7l,ELC2"
*06sq8*,ELC1,Hayden Paupanekis,Paupanekis,MTL,RW,FA,18,,"525,000",0,0,18%,,"06sq8,ELC1"
*06lo7*,ELC2,Ilya Pautov,Pautov,PHI,RW,FA,19,,"525,000",0,0,10%,,"06lo7,ELC2"
*06uvd*,ELC1,Brady Peddle,Peddle,PIT,D,FA,18,,"525,000",0,0,5%,,"06uvd,ELC1"
*064g6*,ELC3,Tyler Peddle,Peddle,CBJ,"C,LW",FA,20,,"525,000",0,0,2%,,"064g6,ELC3"
*06bnb*,ELC3,Juraj Pekarcik,Pekarcik,STL,"C,LW",FA,19,,"525,000",0,0,30%,,"06bnb,ELC3"
*06ckc*,ELC3,Chris Pelosi,Pelosi,BOS,C,FA,20,,"525,000",0,0,8%,,"06ckc,ELC3"
*06cl3*,ELC3,Janne Peltonen,Peltonen,CHI,D,FA,20,,"525,000",0,0,0%,,"06cl3,ELC3"
*060n9*,ELC4,Servac Petrovsky,Petrovsky,MIN,C,FA,20,,"525,000",0,0,18%,,"060n9,ELC4"
*06bdw*,ELC3,Alex Pharand,Pharand,CHI,"C,RW",FA,20,,"525,000",0,0,8%,,"06bdw,ELC3"
*06tmh*,ELC1,Maceo Phillips,Phillips,CGY,D,FA,18,,"525,000",0,0,10%,,"06tmh,ELC1"
*06qfa*,ELC1,Bryce Pickford,Pickford,MTL,D,FA,19,,"525,000",0,0,20%,,"06qfa,ELC1"
*06c44*,ELC3,Emil Pieniniemi,Pieniniemi,PIT,D,FA,20,,"525,000",0,0,28%,,"06c44,ELC3"
*06mcm*,ELC2,Kasper Pikkarainen,Pikkarainen,NJD,RW,FA,18,,"525,000",0,0,12%,,"06mcm,ELC2"
*06b7c*,ELC3,Luca Pinelli,Pinelli,CBJ,C,FA,20,,"525,000",0,0,32%,,"06b7c,ELC3"
*06mgu*,ELC2,Tory Pitner,Pitner,COL,D,FA,19,,"525,000",0,0,8%,,"06mgu,ELC2"
*066pg*,ELC3,Coulson Pitre,Pitre,ANA,RW,FA,20,,"525,000",0,0,20%,,"066pg,ELC3"
*06mr8*,ELC2,Kaden Pitre,Pitre,TBL,C,FA,19,,"525,000",0,0,5%,,"06mr8,ELC2"
*05yn7*,ELC4,Zam Plante,Plante,PIT,C,FA,20,,"525,000",0,0,10%,,"05yn7,ELC4"
*06mr6*,ELC2,Alexander Plesovskikh,Plesovskikh,TOR,LW,FA,18,,"525,000",0,0,2%,,"06mr6,ELC2"
*06uvh*,ELC1,Tomas Poletin,Poletin,NYI,LW,FA,18,,"525,000",0,0,8%,,"06uvh,ELC1"
*06bea*,ELC3,Vojtech Port,Port,ANA,D,FA,19,,"525,000",0,0,5%,,"06bea,ELC3"
*06pyr*,ELC1,Cullen Potter,Potter,CGY,LW,FA,18,,"525,000",0,0,32%,,"06pyr,ELC1"
*06mhh*,ELC2,Noah Powell,Powell,PHI,RW,FA,20,,"525,000",0,0,8%,,"06mhh,ELC2"
*06tam*,ELC1,Michal Pradel,Pradel,DET,G,FA,18,,"525,000",0,0,35%,,"06tam,ELC1"
*06ay0*,ELC3,Caden Price,Price,SEA,D,FA,19,,"525,000",0,0,35%,,"06ay0,ELC3"
*06mhj*,ELC2,Jack Pridham,Pridham,CHI,RW,FA,19,,"525,000",0,0,12%,,"06mhj,ELC2"
*06mcr*,ELC2,Ethan Procyszyn,Procyszyn,ANA,RW,FA,18,,"525,000",0,0,12%,,"06mcr,ELC2"
*06tdq*,ELC1,Daniil Prokhorov,Prokhorov,NYI,RW,FA,18,,"525,000",0,0,20%,,"06tdq,ELC1"
*06maz*,ELC2,Ilya Protas,Protas,WSH,LW,FA,18,,"525,000",0,0,55%,,"06maz,ELC2"
*06mjo*,ELC2,Owen Protz,Protz,MTL,D,FA,19,,"525,000",0,0,12%,,"06mjo,ELC2"
*06spy*,ELC1,Max Psenicka,Psenicka,UTA,D,FA,18,,"525,000",0,0,30%,,"06spy,ELC1"
*06tb1*,ELC1,Nathan Quinn,Quinn,PHI,C,FA,17,,"525,000",0,0,10%,,"06tb1,ELC1"
*06mgv*,ELC2,Colin Ralph,Ralph,STL,D,FA,19,,"525,000",0,0,12%,,"06mgv,ELC2"
*064wl*,ELC3,Scott Ratzlaff,Ratzlaff,BUF,G,FA,19,,"525,000",0,0,24%,,"064wl,ELC3"
*06c42*,ELC1,Benjamin Rautiainen,Rautiainen,TBL,C,FA,20,,"525,000",0,0,10%,,"06c42,ELC1"
*06pww*,ELC1,Joshua Ravensbergen,Ravensbergen,SJS,G,FA,18,,"525,000",0,0,41%,,"06pww,ELC1"
*06taz*,ELC1,Noah Read,Read,ANA,LW,FA,18,,"525,000",0,0,8%,,"06taz,ELC1"
*06mhe*,ELC2,James Reeder,Reeder,LAK,RW,FA,19,,"525,000",0,0,10%,,"06mhe,ELC2"
*06rut*,ELC1,Cameron Reid,Reid,NSH,D,FA,18,,"525,000",0,0,30%,,"06rut,ELC1"
*062lj*,ELC4,Kevin Reidler,Reidler,OTT,G,FA,20,,"525,000",0,0,12%,,"062lj,ELC4"
*06jhe*,ELC1,Cole Reschny,Reschny,CGY,C,FA,18,,"525,000",0,0,38%,,"06jhe,ELC1"
*06uhc*,ELC1,Will Reynolds,Reynolds,SEA,D,FA,17,,"525,000",0,0,5%,,"06uhc,ELC1"
*062lk*,ELC4,Jake Richard,Richard,BUF,RW,FA,20,,"525,000",0,0,5%,,"062lk,ELC4"
*06clh*,ELC3,Yegor Rimashevsky,Rimashevsky,SJS,"LW,RW",FA,20,,"525,000",0,0,10%,,"06clh,ELC3"
*06mho*,ELC1,Petteri Rimpinen,Rimpinen,LAK,G,FA,19,,"525,000",0,0,30%,,"06mho,ELC1"
*06ll4*,ELC2,Colton Roberts,Roberts,SJS,D,FA,19,,"525,000",0,0,12%,,"06ll4,ELC2"
*06m7k*,ELC1,Nolan Roed,Roed,COL,C,FA,19,,"525,000",0,0,0%,,"06m7k,ELC1"
*060jb*,ELC4,Vinzenz Rohrer,Rohrer,MTL,RW,FA,20,,"525,000",0,0,18%,,"060jb,ELC4"
*06cfk*,ELC2,Anthony Romani,Romani,VAN,"C,RW",FA,19,,"525,000",0,0,25%,,"06cfk,ELC2"
*06sqb*,ELC1,Luca Romano,Romano,NYI,C,FA,18,,"525,000",0,0,28%,,"06sqb,ELC1"
*06sqs*,ELC1,Jacob Rombach,Rombach,NSH,D,FA,18,,"525,000",0,0,28%,,"06sqs,ELC1"
*06ckj*,ELC3,Dylan Roobroeck,Roobroeck,NYR,C,FA,20,,"525,000",0,0,12%,,"06ckj,ELC3"
*06uh9*,ELC1,David Rozsival,Rozsival,NJD,LW,FA,18,,"525,000",0,0,8%,,"06uh9,ELC1"
*06xv9*,ELC1,Ryan Rucinski,Rucinski,BUF,RW,FA,18,,"525,000",0,0,0%,,"06xv9,ELC1"
*06md6*,ELC2,Heikki Ruohonen,Ruohonen,PHI,C,FA,19,,"525,000",0,0,15%,,"06md6,ELC2"
*06lop*,ELC1,Ivan Ryabkin,Ryabkin,CAR,C,FA,18,,"525,000",0,0,35%,,"06lop,ELC1"
*06bdl*,ELC3,Alexander Rykov,Rykov,CAR,RW,FA,19,,"525,000",0,0,22%,,"06bdl,ELC3"
*06mjn*,ELC2,Joona Saarelainen,Saarelainen,TBL,C,FA,19,,"525,000",0,0,5%,,"06mjn,ELC2"
*06mba*,ELC2,Kim Saarinen,Saarinen,SEA,G,FA,18,,"525,000",0,0,32%,,"06mba,ELC2"
*05rih*,ELC4,Elias Salomonsson,Salomonsson,WPG,D,FA,20,,"525,000",0,0,38%,,"05rih,ELC4"
*06mqb*,ELC2,William Samuelsson,Samuelsson,DAL,C,FA,19,,"525,000",0,0,0%,,"06mqb,ELC2"
*06mqj*,ELC2,Basile Sansonnens,Sansonnens,VAN,D,FA,18,,"525,000",0,0,5%,,"06mqj,ELC2"
*06mir*,ELC2,Miroslav Satan,Satan,WSH,C,FA,19,,"525,000",0,0,12%,,"06mir,ELC2"
*06lo9*,ELC2,Logan Sawyer,Sawyer,MTL,LW,FA,19,,"525,000",0,0,12%,,"06lo9,ELC2"
*06gk0*,ELC1,Matthew Schaefer,Schaefer,NYI,D,FA,17,,"525,000",0,0,55%,,"06gk0,ELC1"
*06xv6*,ELC1,Maxim Schafer,Schafer,WSH,LW,FA,18,,"525,000",0,0,0%,,"06xv6,ELC1"
*06pys*,ELC1,Cameron Schmidt,Schmidt,DAL,RW,FA,18,,"525,000",0,0,38%,,"06pys,ELC1"
*06uk3*,ELC1,Drew Schock,Schock,ANA,D,FA,18,,"525,000",0,0,8%,,"06uk3,ELC1"
*06tzf*,ELC1,Ashton Schultz,Schultz,BUF,RW,FA,18,,"525,000",0,0,10%,,"06tzf,ELC1"
*06be0*,ELC3,Zachary Schulz,Schulz,NYI,D,FA,20,,"525,000",0,0,8%,,"06be0,ELC3"
*06mqt*,ELC2,Fisher Scott,Scott,DET,D,FA,20,,"525,000",0,0,2%,,"06mqt,ELC2"
*06sqg*,ELC1,Will Sharpe,Sharpe,LAK,D,FA,18,,"525,000",0,0,10%,,"06sqg,ELC1"
*06bdm*,ELC3,Jayson Shaugabay,Shaugabay,TBL,"C,RW",FA,20,,"525,000",0,0,15%,,"06bdm,ELC3"
*06mjj*,ELC2,Roman Shokhrin,Shokhrin,CAR,D,FA,19,,"525,000",0,0,8%,,"06mjj,ELC2"
*06md3*,ELC2,Matvei Shuravin,Shuravin,FLA,D,FA,19,,"525,000",0,0,15%,,"06md3,ELC2"
*06mcg*,ELC2,Petr Sikora,Sikora,WSH,C,FA,19,,"525,000",0,0,10%,,"06mcg,ELC2"
*062q7*,ELC4,Landon Sim,Sim,NJD,"C,RW",FA,20,,"525,000",0,0,8%,,"062q7,ELC4"
*06sq9*,ELC1,Cooper Simpson,Simpson,BOS,LW,FA,18,,"525,000",0,0,15%,,"06sq9,ELC1"
*06mh3*,ELC2,Alexander Siryatsky,Siryatsky,CAR,D,FA,18,,"525,000",0,0,8%,,"06mh3,ELC2"
*06hcx*,ELC2,Will Skahan,Skahan,UTA,D,FA,19,,"525,000",0,0,20%,,"06hcx,ELC2"
*06byc*,ELC3,Hampton Slukynsky,Slukynsky,LAK,G,FA,19,,"525,000",0,0,56%,,"06byc,ELC3"
*06pod*,ELC3,Blake Smith,Smith,TOR,D,FA,20,,"525,000",0,0,5%,,"06pod,ELC3"
*06mj5*,ELC2,Gabe Smith,Smith,UTA,C,FA,18,,"525,000",0,0,10%,,"06mj5,ELC2"
*06nke*,ELC1,Jackson Smith,Smith,CBJ,D,FA,18,,"525,000",0,0,40%,,"06nke,ELC1"
*06buv*,ELC3,Konnor Smith,Smith,ANA,D,FA,20,,"525,000",0,0,8%,,"06buv,ELC3"
*06mb7*,ELC2,Tarin Smith,Smith,ANA,D,FA,19,,"525,000",0,0,25%,,"06mb7,ELC2"
*06mh0*,ELC2,Sebastian Soini,Soini,MIN,D,FA,19,,"525,000",0,0,5%,,"06mh0,ELC2"
*06bds*,ELC3,Carter Sotheran,Sotheran,PHI,D,FA,20,,"525,000",0,0,5%,,"06bds,ELC3"
*06mda*,ELC2,Anthony Spellacy,Spellacy,CHI,C,FA,19,,"525,000",0,0,20%,,"06mda,ELC2"
*064n0*,ELC1,Malcolm Spence,Spence,NYR,LW,FA,18,,"525,000",0,0,35%,,"064n0,ELC1"
*06be8*,ELC3,Cam Squires,Squires,NJD,RW,FA,20,,"525,000",0,0,18%,,"06be8,ELC3"
*06mqp*,ELC2,Hunter St. Martin,St. Martin,FLA,LW,FA,20,,"525,000",0,0,12%,,"06mqp,ELC2"
*06c41*,ELC3,Jakub Stancl,Stancl,STL,"C,LW",FA,20,,"525,000",0,0,20%,,"06c41,ELC3"
*06bni*,ELC3,Hoyt Stanley,Stanley,OTT,D,FA,20,,"525,000",0,0,10%,,"06bni,ELC3"
*06mhl*,ELC2,Noah Steen,Steen,TBL,LW,FA,20,,"525,000",0,0,5%,,"06mhl,ELC2"
*06lur*,ELC2,Teddy Stiga,Stiga,NSH,LW,FA,19,,"525,000",0,0,42%,,"06lur,ELC2"
*06sqc*,ELC1,Theo Stockselius,Stockselius,CGY,LW,FA,17,,"525,000",0,0,28%,,"06sqc,ELC1"
*0637u*,ELC4,Brady Stonehouse,Stonehouse,EDM,RW,FA,20,,"525,000",0,0,10%,,"0637u,ELC4"
*06clp*,ELC3,Melvin Strahl,Strahl,CBJ,G,FA,20,,"525,000",0,0,6%,,"06clp,ELC3"
*06be7*,ELC3,Andrew Strathmann,Strathmann,CBJ,D,FA,20,,"525,000",0,0,20%,,"06be7,ELC3"
*06byf*,ELC3,Maxim Strbak,Strbak,BUF,D,FA,20,,"525,000",0,0,32%,,"06byf,ELC3"
*06pn1*,ELC1,Julius Sumpf,Sumpf,CHI,C,FA,20,,"525,000",0,0,8%,,"06pn1,ELC1"
*06mqn*,ELC2,Albin Sundin,Sundin,EDM,D,FA,20,,"525,000",0,0,0%,,"06mqn,ELC2"
*066sp*,ELC3,Aydar Suniev,Suniev,CGY,LW,FA,20,,"525,000",0.25,0.25,28%,,"066sp,ELC3"
*06bdz*,ELC3,Nikita Susuyev,Susuyev,STL,"C,RW",FA,20,,"525,000",0,0,8%,,"06bdz,ELC3"
*06mji*,ELC2,Joel Svensson,Svensson,CHI,"C,LW",FA,20,,"525,000",0,0,0%,,"06mji,ELC2"
*06c5t*,ELC3,Brandon Svoboda,Svoboda,SJS,C,FA,20,,"525,000",0,0,15%,,"06c5t,ELC3"
*06sq0*,ELC1,Michal Svrcek,Svrcek,DET,LW,FA,18,,"525,000",0,0,23%,,"06sq0,ELC1"
*06lo4*,ELC2,Mac Swanson,Swanson,PIT,LW,FA,19,,"525,000",0,0,20%,,"06lo4,ELC2"
*060on*,ELC4,Adam Sykora,Sykora,NYR,"LW,RW",FA,20,,"525,000",0,0,32%,,"060on,ELC4"
*06be9*,ELC3,Carey Terrance,Terrance,NYR,C,FA,20,,"525,000",0,0,18%,,"06be9,ELC3"
*06ckz*,ELC3,Melker Thelin,Thelin,UTA,G,FA,20,,"525,000",0,0,12%,,"06ckz,ELC3"
*06ckb*,ELC3,Patrick Thomas,Thomas,WSH,C,FA,20,,"525,000",0,0,12%,,"06ckb,ELC3"
*06mj0*,ELC2,Tyler Thorpe,Thorpe,MTL,RW,FA,19,,"525,000",0,0,18%,,"06mj0,ELC2"
*06mh1*,ELC2,Herman Traff,Traff,ANA,"LW,RW",FA,19,,"525,000",0,0,15%,,"06mh1,ELC2"
*06pyj*,ELC1,Charlie Trethewey,Trethewey,PIT,D,FA,17,,"525,000",0,0,25%,,"06pyj,ELC1"
*05ym4*,ELC4,Gleb Trikozov,Trikozov,CAR,"C,LW,RW",FA,20,,"525,000",0,0,25%,,"05ym4,ELC4"
*06md9*,ELC2,Darels Uljanskis,Uljanskis,ANA,D,FA,18,,"525,000",0,0,8%,,"06md9,ELC2"
*06c1v*,ELC3,Tuomas Uronen,Uronen,VGK,RW,FA,20,,"525,000",0,0,18%,,"06c1v,ELC3"
*06luu*,ELC2,Joona Vaisanen,Vaisanen,PIT,D,FA,20,,"525,000",0,0,10%,,"06luu,ELC2"
*06hcu*,ELC2,Veeti Vaisanen,Vaisanen,UTA,D,FA,19,,"525,000",0,0,15%,,"06hcu,ELC2"
*06mjf*,ELC2,Lucas Van Vliet,Van Vliet,VGK,RW,FA,19,,"525,000",0,0,10%,,"06mjf,ELC2"
*06pz0*,ELC1,Shane Vansaghi,Vansaghi,PHI,RW,FA,18,,"525,000",0,0,30%,,"06pz0,ELC1"
*06unf*,ELC1,Malte Vass,Vass,CBJ,D,FA,18,,"525,000",0,0,10%,,"06unf,ELC1"
*06mqw*,ELC2,Mikus Vecvanags,Vecvanags,MTL,G,FA,19,,"525,000",0,0,6%,,"06mqw,ELC2"
*06c51*,ELC3,Visa Vedenpaa,Vedenpaa,SEA,G,FA,20,,"525,000",0,0,0%,,"06c51,ELC3"
*06lo5*,ELC2,Xavier Veilleux,Veilleux,NYI,D,FA,19,,"525,000",0,0,10%,,"06lo5,ELC2"
*06mce*,ELC2,Nathan Villeneuve,Villeneuve,SEA,C,FA,19,,"525,000",0,0,22%,,"06mce,ELC2"
*06tay*,ELC1,Luke Vlooswyk,Vlooswyk,PHI,D,FA,18,,"525,000",0,0,10%,,"06tay,ELC1"
*06c91*,ELC3,Yevgeni Volokhin,Volokhin,MTL,G,FA,20,,"525,000",0,0,24%,,"06c91,ELC3"
*06l4n*,ELC2,Oskar Vuollet,Vuollet,CAR,"C,LW",FA,19,,"525,000",0,0,12%,,"06l4n,ELC2"
*06mqf*,ELC2,Eerik Wallenius,Wallenius,OTT,D,FA,19,,"525,000",0,0,0%,,"06mqf,ELC2"
*06md8*,ELC2,Kieron Walton,Walton,WPG,"C,LW",FA,19,,"525,000",0,0,32%,,"06md8,ELC2"
*06sqo*,ELC1,Simon Wang,Wang,SJS,D,FA,17,,"525,000",0,0,30%,,"06sqo,ELC1"
*060je*,ELC4,Noah Warren,Warren,ANA,D,FA,20,,"525,000",0,0,28%,,"060je,ELC4"
*06cdo*,ELC1,Alexander Weiermair,Weiermair,VGK,C,FA,20,,"525,000",0,0,0%,,"06cdo,ELC1"
*06be6*,ELC3,Saige Weinstein,Weinstein,COL,D,FA,20,,"525,000",0,0,5%,,"06be6,ELC3"
*06sqj*,ELC1,Mason West,West,CHI,RW,FA,17,,"525,000",0,0,30%,,"06sqj,ELC1"
*06tzg*,ELC1,Max Westergard,Westergard,PHI,LW,FA,17,,"525,000",0,0,13%,,"06tzg,ELC1"
*06mcj*,ELC2,Carson Wetsch,Wetsch,SJS,RW,FA,19,,"525,000",0,0,15%,,"06mcj,ELC2"
*06mgq*,ELC2,John Whipple,Whipple,DET,D,FA,19,,"525,000",0,0,8%,,"06mgq,ELC2"
*06bdk*,ELC3,Albert Wikman,Wikman,FLA,D,FA,20,,"525,000",0,0,8%,,"06bdk,ELC3"
*06baa*,ELC3,Joey Willis,Willis,NSH,C,FA,20,,"525,000",0,0,12%,,"06baa,ELC3"
*06mj8*,ELC2,Jared Woolley,Woolley,LAK,D,FA,19,,"525,000",0,0,8%,,"06mj8,ELC2"
*06miy*,ELC2,Chase Wutzke,Wutzke,MIN,G,FA,18,,"525,000",0,0,3%,,"06miy,ELC2"
*06sn8*,ELC1,Ethan Wyttenbach,Wyttenbach,CGY,RW,FA,18,,"525,000",0,0,8%,,"06sn8,ELC1"
*06cdq*,ELC3,Yegor Yegorov,Yegorov,CGY,G,FA,19,,"525,000",0,0,6%,,"06cdq,ELC3"
*06tau*,ELC1,Kirill Yemelyanov,Yemelyanov,BOS,C,FA,18,,"525,000",0,0,10%,,"06tau,ELC1"
*061lr*,ELC4,Ty Young,Young,VAN,G,FA,20,,"525,000",0,0,12%,,"061lr,ELC4"
*06mjc*,ELC2,Ivan Yunin,Yunin,COL,G,FA,19,,"525,000",0,0,9%,,"06mjc,ELC2"
*06mhf*,ELC2,Kirill Zarubin,Zarubin,CGY,G,FA,19,,"525,000",0,0,21%,,"06mhf,ELC2"
*06c40*,ELC3,Yegor Zavragin,Zavragin,PHI,G,FA,19,,"525,000",0,0,56%,,"06c40,ELC3"
*06l29*,ELC2,Vasily Zelenov,Zelenov,BUF,LW,FA,19,,"525,000",0,0,5%,,"06l29,ELC2"
*06loa*,ELC2,William Zellers,Zellers,BOS,LW,FA,19,,"525,000",0,0,30%,,"06loa,ELC2"
*06mbk*,ELC2,Simon Zether,Zether,FLA,C,FA,19,,"525,000",0,0,18%,,"06mbk,ELC2"
*06spu*,ELC1,Alexander Zharovsky,Zharovsky,MTL,RW,FA,18,,"525,000",0,0,30%,,"06spu,ELC1"
*06mcn*,ELC2,Brodie Ziemer,Ziemer,BUF,RW,FA,19,,"525,000",0,0,30%,,"06mcn,ELC2"
*06pyz*,ELC1,Bill Zonnon,Zonnon,PIT,LW,FA,18,,"525,000",0,0,32%,,"06pyz,ELC1"
